first_name,last_name
AARON,SMITH
ABDUL,JOHNSON
ABE,WILLIAMS
ABEL,BROWN
ABRAHAM,JONES
ABRAM,GARCIA
ADALBERTO,MILLER
ADAM,DAVIS
ADAN,RODRIGUEZ
ADOLFO,MARTINEZ
ADOLPH,HERNANDEZ
ADRIAN,LOPEZ
AGUSTIN,GONZALEZ
AHMAD,WILSON
AHMED,ANDERSON
AL,THOMAS
ALAN,TAYLOR
ALBERT,MOORE
ALBERTO,JACKSON
ALDEN,MARTIN
ALDO,LEE
ALEC,PEREZ
ALEJANDRO,THOMPSON
ALEX,WHITE
ALEXANDER,HARRIS
ALEXIS,SANCHEZ
ALFONSO,CLARK
ALFONZO,RAMIREZ
ALFRED,LEWIS
ALFREDO,ROBINSON
ALI,WALKER
ALLAN,YOUNG
ALLEN,ALLEN
ALONSO,KING
ALONZO,WRIGHT
ALPHONSE,SCOTT
ALPHONSO,TORRES
ALTON,NGUYEN
ALVA,HILL
ALVARO,FLORES
ALVIN,GREEN
AMADO,ADAMS
AMBROSE,NELSON
AMOS,BAKER
ANDERSON,HALL
ANDRE,RIVERA
ANDREA,CAMPBELL
ANDREAS,MITCHELL
ANDRES,CARTER
ANDREW,ROBERTS
ANDY,GOMEZ
ANGEL,PHILLIPS
ANGELO,EVANS
ANIBAL,TURNER
ANTHONY,DIAZ
ANTIONE,PARKER
ANTOINE,CRUZ
ANTON,EDWARDS
ANTONE,COLLINS
ANTONIA,REYES
ANTONIO,STEWART
ANTONY,MORRIS
ANTWAN,MORALES
ARCHIE,MURPHY
ARDEN,COOK
ARIEL,ROGERS
ARLEN,GUTIERREZ
ARLIE,ORTIZ
ARMAND,MORGAN
ARMANDO,COOPER
ARNOLD,PETERSON
ARNOLDO,BAILEY
ARNULFO,REED
ARON,KELLY
ARRON,HOWARD
ART,RAMOS
ARTHUR,KIM
ARTURO,COX
ASA,WARD
ASHLEY,RICHARDSON
AUBREY,WATSON
AUGUST,BROOKS
AUGUSTINE,CHAVEZ
AUGUSTUS,WOOD
AURELIO,JAMES
AUSTIN,BENNETT
AVERY,GRAY
BARNEY,MENDOZA
BARRETT,RUIZ
BARRY,HUGHES
BART,PRICE
BARTON,ALVAREZ
BASIL,CASTILLO
BEAU,SANDERS
BEN,PATEL
BENEDICT,MYERS
BENITO,LONG
BENJAMIN,ROSS
BENNETT,FOSTER
BENNIE,JIMENEZ
BENNY,POWELL
BENTON,JENKINS
BERNARD,PERRY
BERNARDO,RUSSELL
BERNIE,SULLIVAN
BERRY,BELL
BERT,COLEMAN
BERTRAM,BUTLER
BILL,HENDERSON
BILLIE,BARNES
BILLY,GONZALES
BLAINE,FISHER
BLAIR,VASQUEZ
BLAKE,SIMMONS
BO,ROMERO
BOB,JORDAN
BOBBIE,PATTERSON
BOBBY,ALEXANDER
BOOKER,HAMILTON
BORIS,GRAHAM
BOYCE,REYNOLDS
BOYD,GRIFFIN
BRAD,WALLACE
BRADFORD,MORENO
BRADLEY,WEST
BRADLY,COLE
BRADY,HAYES
BRAIN,BRYANT
BRANDEN,HERRERA
BRANDON,GIBSON
BRANT,ELLIS
BRENDAN,TRAN
BRENDON,MEDINA
BRENT,AGUILAR
BRENTON,STEVENS
BRET,MURRAY
BRETT,FORD
BRIAN,CASTRO
BRICE,MARSHALL
BRITT,OWENS
BROCK,HARRISON
BRODERICK,FERNANDEZ
BROOKS,MCDONALD
BRUCE,WOODS
BRUNO,WASHINGTON
BRYAN,KENNEDY
BRYANT,WELLS
BRYCE,VARGAS
BRYON,HENRY
BUCK,CHEN
BUD,FREEMAN
BUDDY,WEBB
BUFORD,TUCKER
BURL,GUZMAN
BURT,BURNS
BURTON,CRAWFORD
BUSTER,OLSON
BYRON,SIMPSON
CALEB,PORTER
CALVIN,HUNTER
CAMERON,GORDON
CAREY,MENDEZ
CARL,SILVA
CARLO,SHAW
CARLOS,SNYDER
CARLTON,MASON
CARMELO,DIXON
CARMEN,MUNOZ
CARMINE,HUNT
CAROL,HICKS
CARROL,HOLMES
CARROLL,PALMER
CARSON,WAGNER
CARTER,BLACK
CARY,ROBERTSON
CASEY,BOYD
CECIL,ROSE
CEDRIC,STONE
CEDRICK,SALAZAR
CESAR,FOX
CHAD,WARREN
CHADWICK,MILLS
CHANCE,MEYER
CHANG,RICE
CHARLES,SCHMIDT
CHARLEY,GARZA
CHARLIE,DANIELS
CHAS,FERGUSON
CHASE,NICHOLS
CHAUNCEY,STEPHENS
CHESTER,SOTO
CHET,WEAVER
CHI,RYAN
CHONG,GARDNER
CHRIS,PAYNE
CHRISTIAN,GRANT
CHRISTOPER,DUNN
CHRISTOPHER,KELLEY
CHUCK,SPENCER
CHUNG,HAWKINS
CLAIR,ARNOLD
CLARENCE,PIERCE
CLARK,VAZQUEZ
CLAUD,HANSEN
CLAUDE,PETERS
CLAUDIO,SANTOS
CLAY,HART
CLAYTON,BRADLEY
CLEMENT,KNIGHT
CLEMENTE,ELLIOTT
CLEO,CUNNINGHAM
CLETUS,DUNCAN
CLEVELAND,ARMSTRONG
CLIFF,HUDSON
CLIFFORD,CARROLL
CLIFTON,LANE
CLINT,RILEY
CLINTON,ANDREWS
CLYDE,ALVARADO
CODY,RAY
COLBY,DELGADO
COLE,BERRY
COLEMAN,PERKINS
COLIN,HOFFMAN
COLLIN,JOHNSTON
COLTON,MATTHEWS
COLUMBUS,PENA
CONNIE,RICHARDS
CONRAD,CONTRERAS
CORDELL,WILLIS
COREY,CARPENTER
CORNELIUS,LAWRENCE
CORNELL,SANDOVAL
CORTEZ,GUERRERO
CORY,GEORGE
COURTNEY,CHAPMAN
COY,RIOS
CRAIG,ESTRADA
CRISTOBAL,ORTEGA
CRISTOPHER,WATKINS
CRUZ,GREENE
CURT,NUNEZ
CURTIS,WHEELER
CYRIL,VALDEZ
CYRUS,HARPER
DALE,BURKE
DALLAS,LARSON
DALTON,SANTIAGO
DAMIAN,MALDONADO
DAMIEN,MORRISON
DAMION,FRANKLIN
DAMON,CARLSON
DAN,AUSTIN
DANA,DOMINGUEZ
DANE,CARR
DANIAL,LAWSON
DANIEL,JACOBS
DANILO,OBRIEN
DANNIE,LYNCH
DANNY,SINGH
DANTE,VEGA
DARELL,BISHOP
DAREN,MONTGOMERY
DARIN,OLIVER
DARIO,JENSEN
DARIUS,HARVEY
DARNELL,WILLIAMSON
DARON,GILBERT
DARREL,DEAN
DARRELL,SIMS
DARREN,ESPINOZA
DARRICK,HOWELL
DARRIN,LI
DARRON,WONG
DARRYL,REID
DARWIN,HANSON
DARYL,LE
DAVE,MCCOY
DAVID,GARRETT
DAVIS,BURTON
DEAN,FULLER
DEANDRE,WANG
DEANGELO,WEBER
DEE,WELCH
DEL,ROJAS
DELBERT,LUCAS
DELMAR,MARQUEZ
DELMER,FIELDS
DEMARCUS,PARK
DEMETRIUS,YANG
DENIS,LITTLE
DENNIS,BANKS
DENNY,PADILLA
DENVER,DAY
DEON,WALSH
DEREK,BOWMAN
DERICK,SCHULTZ
DERRICK,LUNA
DESHAWN,FOWLER
DESMOND,MEJIA
DEVIN,DAVIDSON
DEVON,ACOSTA
DEWAYNE,BREWER
DEWEY,MAY
DEWITT,HOLLAND
DEXTER,JUAREZ
DICK,NEWMAN
DIEGO,PEARSON
DILLON,CURTIS
DINO,CORTEZ
DION,DOUGLAS
DIRK,SCHNEIDER
DOMENIC,JOSEPH
DOMINGO,BARRETT
DOMINIC,NAVARRO
DOMINICK,FIGUEROA
DOMINIQUE,KELLER
DON,AVILA
DONALD,WADE
DONG,MOLINA
DONN,STANLEY
DONNELL,HOPKINS
DONNIE,CAMPOS
DONNY,BARNETT
DONOVAN,BATES
DONTE,CHAMBERS
DORIAN,CALDWELL
DORSEY,BECK
DOUG,LAMBERT
DOUGLAS,MIRANDA
DOUGLASS,BYRD
DOYLE,CRAIG
DREW,AYALA
DUANE,LOWE
DUDLEY,FRAZIER
DUNCAN,POWERS
DUSTIN,NEAL
DUSTY,LEONARD
DWAIN,GREGORY
DWAYNE,CARRILLO
DWIGHT,SUTTON
DYLAN,FLEMING
EARL,RHODES
EARLE,SHELTON
EARNEST,SCHWARTZ
ED,NORRIS
EDDIE,JENNINGS
EDDY,WATTS
EDGAR,DURAN
EDGARDO,WALTERS
EDISON,COHEN
EDMOND,MCDANIEL
EDMUND,MORAN
EDMUNDO,PARKS
EDUARDO,STEELE
EDWARD,VAUGHN
EDWARDO,BECKER
EDWIN,HOLT
EFRAIN,DELEON
EFREN,BARKER
ELBERT,TERRY
ELDEN,HALE
ELDON,LEON
ELDRIDGE,HAIL
ELI,BENSON
ELIAS,HAYNES
ELIJAH,HORTON
ELISEO,MILES
ELISHA,LYONS
ELLIOT,PHAM
ELLIOTT,GRAVES
ELLIS,BUSH
ELLSWORTH,THORNTON
ELMER,WOLFE
ELMO,WARNER
ELOY,CABRERA
ELROY,MCKINNEY
ELTON,MANN
ELVIN,ZIMMERMAN
ELVIS,DAWSON
ELWOOD,LARA
EMANUEL,FLETCHER
EMERSON,PAGE
EMERY,MCCARTHY
EMIL,LOVE
EMILE,ROBLES
EMILIO,CERVANTES
EMMANUEL,SOLIS
EMMETT,ERICKSON
EMMITT,REEVES
EMORY,CHANG
ENOCH,KLEIN
ENRIQUE,SALINAS
ERASMO,FUENTES
ERIC,BALDWIN
ERICH,DANIEL
ERICK,SIMON
ERIK,VELASQUEZ
ERIN,HARDY
ERNEST,HIGGINS
ERNESTO,AGUIRRE
ERNIE,LIN
ERROL,CUMMINGS
ERVIN,CHANDLER
ERWIN,SHARP
ESTEBAN,BARBER
ETHAN,BOWEN
EUGENE,OCHOA
EUGENIO,DENNIS
EUSEBIO,ROBBINS
EVAN,LIU
EVERETT,RAMSEY
EVERETTE,FRANCIS
EZEKIEL,GRIFFITH
EZEQUIEL,PAUL
EZRA,BLAIR
FABIAN,OCONNOR
FAUSTINO,CARDENAS
FAUSTO,PACHECO
FEDERICO,CROSS
FELIPE,CALDERON
FELIX,QUINN
FELTON,MOSS
FERDINAND,SWANSON
FERMIN,CHAN
FERNANDO,RIVAS
FIDEL,KHAN
FILIBERTO,RODGERS
FLETCHER,SERRANO
FLORENCIO,FITZGERALD
FLORENTINO,ROSALES
FLOYD,STEVENSON
FOREST,CHRISTENSEN
FORREST,MANNING
FOSTER,GILL
FRANCES,CURRY
FRANCESCO,MCLAUGHLIN
FRANCIS,HARMON
FRANCISCO,MCGEE
FRANK,GROSS
FRANKIE,DOYLE
FRANKLIN,GARNER
FRANKLYN,NEWTON
FRED,BURGESS
FREDDIE,REESE
FREDDY,WALTON
FREDERIC,BLAKE
FREDERICK,TRUJILLO
FREDRIC,ADKINS
FREDRICK,BRADY
FREEMAN,GOODMAN
FRITZ,ROMAN
GABRIEL,WEBSTER
GAIL,GOODWIN
GALE,FISCHER
GALEN,HUANG
GARFIELD,POTTER
GARLAND,DELACRUZ
GARRET,MONTOYA
GARRETT,TODD
GARRY,WU
GARTH,HINES
GARY,MULLINS
GASTON,CASTANEDA
GAVIN,MALONE
GAYLE,CANNON
GAYLORD,TATE
GENARO,MACK
GENE,SHERMAN
GEOFFREY,HUBBARD
GEORGE,HODGES
GERALD,ZHANG
GERALDO,GUERRA
GERARD,WOLF
GERARDO,VALENCIA
GERMAN,FRANCO
GERRY,SAUNDERS
GIL,ROWE
GILBERT,GALLAGHER
GILBERTO,FARMER
GINO,HAMMOND
GIOVANNI,HAMPTON
GIUSEPPE,TOWNSEND
GLEN,INGRAM
GLENN,WISE
GONZALO,GALLEGOS
GORDON,CLARKE
GRADY,BARTON
GRAHAM,SCHROEDER
GRAIG,MAXWELL
GRANT,WATERS
GRANVILLE,LOGAN
GREG,CAMACHO
GREGG,STRICKLAND
GREGORIO,NORMAN
GREGORY,PERSON
GROVER,COLON
GUADALUPE,PARSONS
GUILLERMO,FRANK
GUS,HARRINGTON
GUSTAVO,GLOVER
GUY,OSBORNE
HAI,BUCHANAN
HAL,CASEY
HANK,FLOYD
HANS,PATTON
HARLAN,IBARRA
HARLAND,BALL
HARLEY,TYLER
HAROLD,SUAREZ
HARRIS,BOWERS
HARRISON,OROZCO
HARRY,SALAS
HARVEY,COBB
HASSAN,GIBBS
HAYDEN,ANDRADE
HAYWOOD,BAUER
HEATH,CONNER
HECTOR,MOODY
HENRY,ESCOBAR
HERB,MCGUIRE
HERBERT,LLOYD
HERIBERTO,MUELLER
HERMAN,HARTMAN
HERSCHEL,FRENCH
HERSHEL,KRAMER
HILARIO,MCBRIDE
HILTON,POPE
HIPOLITO,LINDSEY
HIRAM,VELAZQUEZ
HOBERT,NORTON
HOLLIS,MCCORMICK
HOMER,SPARKS
HONG,FLYNN
HORACE,YATES
HORACIO,HOGAN
HOSEA,MARSH
HOUSTON,MACIAS
HOWARD,VILLANUEVA
HOYT,ZAMORA
HUBERT,PRATT
HUEY,STOKES
HUGH,OWEN
HUGO,BALLARD
HUMBERTO,LANG
HUNG,BROCK
HUNTER,VILLARREAL
HYMAN,CHARLES
IAN,DRAKE
IGNACIO,BARRERA
IKE,CAIN
IRA,PATRICK
IRVIN,PINEDA
IRVING,BURNETT
IRWIN,MERCADO
ISAAC,SANTANA
ISAIAH,SHEPHERD
ISAIAS,BAUTISTA
ISIAH,ALI
ISIDRO,SHAFFER
ISMAEL,LAMB
ISRAEL,TREVINO
ISREAL,MCKENZIE
ISSAC,HESS
IVAN,BEIL
IVORY,OLSEN
JACINTO,COCHRAN
JACK,MORTON
JACKIE,NASH
JACKSON,WILKINS
JACOB,PETERSEN
JACQUES,BRIGGS
JAE,SHAH
JAIME,ROTH
JAKE,NICHOLSON
JAMAAL,HOLLOWAY
JAMAL,LOZANO
JAMAR,FLOWERS
JAME,RANGEL
JAMEL,HOOVER
JAMES,ARIAS
JAMEY,SHORT
JAMIE,MORA
JAMISON,VALENZUELA
JAN,BRYAN
JARED,MEYERS
JAROD,WEISS
JARRED,UNDERWOOD
JARRETT,BASS
JARROD,GREER
JARVIS,SUMMERS
JASON,HOUSTON
JASPER,CARSON
JAVIER,MORROW
JAY,CLAYTON
JAYSON,WHITAKER
JC,DECKER
JEAN,YODER
JED,COLLIER
JEFF,ZUNIGA
JEFFEREY,CAREY
JEFFERSON,WILCOX
JEFFERY,MELENDEZ
JEFFREY,POOLE
JEFFRY,ROBERSON
JERALD,LARSEN
JERAMY,CONLEY
JERE,DAVENPORT
JEREMIAH,COPELAND
JEREMY,MASSEY
JERMAINE,LAM
JEROLD,HUFF
JEROME,ROCHA
JEROMY,CAMERON
JERRELL,JEFFERSON
JERROD,HOOD
JERROLD,MONROE
JERRY,ANTHONY
JESS,PITTMAN
JESSE,HUYNH
JESSIE,RANDALL
JESUS,SINGLETON
JEWEL,KIRK
JEWELL,COMBS
JIM,MATHIS
JIMMIE,CHRISTIAN
JIMMY,SKINNER
JOAN,BRADFORD
JOAQUIN,RICHARD
JODY,GALVAN
JOE,WALL
JOEL,BOONE
JOESPH,KIRBY
JOEY,WILKINSON
JOHN,BRIDGES
JOHNATHAN,BRUCE
JOHNATHON,ATKINSON
JOHNIE,VELEZ
JOHNNIE,MEZA
JOHNNY,ROY
JOHNSON,VINCENT
JON,YORK
JONAH,HODGE
JONAS,VILLA
JONATHAN,ABBOTT
JONATHON,ALLISON
JORDAN,TAPIA
JORDON,GATES
JORGE,CHASE
JOSE,SOSA
JOSEF,SWEENEY
JOSEPH,FARRELL
JOSH,WYATT
JOSHUA,DALTON
JOSIAH,HORN
JOSPEH,BARRON
JOSUE,PHELPS
JUAN,YU
JUDE,DICKERSON
JUDSON,HEATH
JULES,FOLEY
JULIAN,ATKINS
JULIO,MATHEWS
JULIUS,BONILLA
JUNIOR,ACEVEDO
JUSTIN,BENITEZ
KAREEM,ZAVALA
KARL,HENSLEY
KASEY,GLENN
KEENAN,CISNEROS
KEITH,HARRELL
KELLEY,SHIELDS
KELLY,RUBIO
KELVIN,CHOI
KEN,HUFFMAN
KENDALL,BOYER
KENDRICK,GARRISON
KENETH,ARROYO
KENNETH,BOND
KENNITH,KANE
KENNY,HANCOCK
KENT,CALLAHAN
KENTON,DILLON
KERMIT,CLINE
KERRY,WIGGINS
KEVEN,GRIMES
KEVIN,ARELLANO
KIETH,MELTON
KIM,ONEILL
KING,SAVAGE
KIP,HO
KIRBY,BELTRAN
KIRK,PITTS
KOREY,PARRISH
KORY,PONCE
KRAIG,RICH
KRIS,BOOTH
KRISTOFER,KOCH
KRISTOPHER,GOLDEN
KURT,WARE
KURTIS,BRENNAN
KYLE,MCDOWELL
LACY,MARKS
LAMAR,CANTU
LAMONT,HUMPHREY
LANCE,BAXTER
LANDON,SAWYER
LANE,CLAY
LANNY,TANNER
LARRY,HUTCHINSON
LAUREN,KAUR
LAURENCE,BERG
LAVERN,WILEY
LAVERNE,GILMORE
LAWERENCE,RUSSO
LAWRENCE,VILLEGAS
LAZARO,HOBBS
LEANDRO,KEITH
LEE,WILKERSON
LEIF,AHMED
LEIGH,BEARD
LELAND,MCCLAIN
LEMUEL,MONTES
LEN,MATA
LENARD,ROSARIO
LENNY,VANG
LEO,WALTER
LEON,HENSON
LEONARD,ONEAL
LEONARDO,MOSLEY
LEONEL,MCCLURE
LEOPOLDO,BEASLEY
LEROY,STEPHENSON
LES,SNOW
LESLEY,HUERTA
LESLIE,PRESTON
LESTER,VANCE
LEVI,BARRY
LEWIS,JOHNS
LINCOLN,EATON
LINDSAY,BLACKWELL
LINDSEY,DYER
LINO,PRINCE
LINWOOD,MACDONALD
LIONEL,SOLOMON
LLOYD,GUEVARA
LOGAN,STAFFORD
LON,ENGLISH
LONG,HURST
LONNIE,WOODARD
LONNY,CORTES
LOREN,SHANNON
LORENZO,KEMP
LOU,NOLAN
LOUIE,MCCULLOUGH
LOUIS,MERRITT
LOWELL,MURILLO
LOYD,MOON
LUCAS,SALGADO
LUCIANO,STRONG
LUCIEN,KLINE
LUCIO,CORDOVA
LUCIUS,BARAJAS
LUIGI,ROACH
LUIS,ROSAS
LUKE,WINTERS
LUPE,JACOBSON
LUTHER,LESTER
LYLE,KNOX
LYMAN,BULLOCK
LYNDON,KERR
LYNN,LEACH
LYNWOOD,MEADOWS
MAC,DAVILA
MACK,ORR
MAJOR,WHITEHEAD
MALCOLM,PRUITT
MALCOM,KENT
MALIK,CONWAY
MAN,MCKEE
MANUAL,BARR
MANUEL,DAVID
MARC,DEJESUS
MARCEL,MARIN
MARCELINO,BERGER
MARCELLUS,MCINTYRE
MARCELO,BLANKENSHIP
MARCO,GAINES
MARCOS,PALACIOS
MARCUS,CUEVAS
MARGARITO,BARTLETT
MARIA,DURHAM
MARIANO,DORSEY
MARIO,MCCALL
MARION,ODONNELL
MARK,STEIN
MARKUS,BROWNING
MARLIN,STOUT
MARLON,LOWERY
MARQUIS,SLOAN
MARSHALL,MCLEAN
MARTIN,HENDRICKS
MARTY,CALHOUN
MARVIN,SEXTON
MARY,CHUNG
MASON,GENTRY
MATHEW,HULL
MATT,DUARTE
MATTHEW,ELLISON
MAURICE,NIELSEN
MAURICIO,GILLESPIE
MAURO,BUCK
MAX,MIDDLETON
MAXIMO,SELLERS
MAXWELL,LEBLANC
MAYNARD,ESPARZA
MCKINLEY,HARDIN
MEL,BRADSHAW
MELVIN,MCINTOSH
MERLE,HOWE
MERLIN,LIVINGSTON
MERRILL,FROST
MERVIN,GLASS
MICAH,MORSE
MICHAEL,KNAPP
MICHAL,HERMAN
MICHALE,STARK
MICHEAL,BRAVO
MICHEL,NOBLE
MICKEY,SPEARS
MIGUEL,WEEKS
MIKE,CORONA
MIKEL,FREDERICK
MILAN,BUCKLEY
MILES,MCFARLAND
MILFORD,HEBERT
MILLARD,ENRIQUEZ
MILO,HICKMAN
MILTON,QUINTERO
MINH,RANDOLPH
MIQUEL,SCHAEFER
MITCH,WALLS
MITCHEL,TREJO
MITCHELL,HOUSE
MODESTO,REILLY
MOHAMED,PENNINGTON
MOHAMMAD,MICHAEL
MOHAMMED,CONRAD
MOISES,GILES
MONROE,BENJAMIN
MONTE,CROSBY
MONTY,FITZPATRICK
MORGAN,DONOVAN
MORRIS,MAYS
MORTON,MAHONEY
MOSE,VALENTINE
MOSES,RAYMOND
MOSHE,MEDRANO
MURRAY,HAHN
MYLES,MCMILLAN
MYRON,SMALL
NAPOLEON,BENTLEY
NATHAN,FELIX
NATHANAEL,PECK
NATHANIAL,LUCERO
NATHANIEL,BOYLE
NEAL,HANNA
NED,PACE
NEIL,RUSH
NELSON,HURLEY
NESTOR,HARDING
NEVILLE,MCCONNELL
NEWTON,BERNAL
NICHOLAS,NAVA
NICK,AYERS
NICKOLAS,EVERETT
NICKY,VENTURA
NICOLAS,AVERY
NIGEL,PUGH
NOAH,MAYER
NOBLE,BENDER
NOE,SHEPARD
NOEL,MCMAHON
NOLAN,LANDRY
NORBERT,CASE
NORBERTO,SAMPSON
NORMAN,MOSES
NORMAND,MAGANA
NORRIS,BLACKBURN
NUMBERS,DUNLAP
OCTAVIO,GOULD
ODELL,DUFFY
ODIS,VAUGHAN
OLEN,HERRING
OLIN,MCKAY
OLIVER,ESPINOSA
OLLIE,RIVERS
OMAR,FARLEY
OMER,BERNARD
OREN,ASHLEY
ORLANDO,FRIEDMAN
ORVAL,POTTS
ORVILLE,TRUONG
OSCAR,COSTA
OSVALDO,CORREA
OSWALDO,BLEVINS
OTHA,NIXON
OTIS,CLEMENTS
OTTO,FRY
OWEN,DELAROSA
PABLO,BEST
PALMER,BENTON
PARIS,LUGO
PARKER,PORTILLO
PASQUALE,DOUGHERTY
PAT,CRANE
PATRICIA,HALEY
PATRICK,PHAN
PAUL,VILLALOBOS
PEDRO,BLANCHARD
PERCY,HORNE
PERRY,FINLEY
PETE,QUINTANA
PETER,LYNN
PHIL,ESQUIVEL
PHILIP,BEAN
PHILLIP,DODSON
PIERRE,MULLEN
PORFIRIO,XIONG
PORTER,HAYDEN
PRESTON,CANO
PRINCE,LEVY
QUENTIN,HUBER
QUINCY,RICHMOND
QUINN,MOYER
QUINTIN,LIM
QUINTON,FRYE
RAFAEL,SHEPPARD
RALEIGH,MCCARTY
RALPH,AVALOS
RAMIRO,BOOKER
RAMON,WALLER
RANDAL,PARRA
RANDALL,WOODWARD
RANDELL,JARAMILLO
RANDOLPH,KRUEGER
RANDY,RASMUSSEN
RAPHAEL,BRANDT
RASHAD,PERALTA
RAUL,DONALDSON
RAY,STUART
RAYFORD,FAULKNER
RAYMON,MAYNARD
RAYMOND,GALINDO
RAYMUNDO,COFFEY
REED,ESTES
REFUGIO,SANFORD
REGGIE,BURCH
REGINALD,MADDOX
REID,VO
REINALDO,OCONNELL
RENALDO,VU
RENATO,ANDERSEN
RENE,SPENCE
REUBEN,MCPHERSON
REX,CHURCH
REY,SCHMITT
REYES,STANTON
REYNALDO,LEAL
RHETT,CHERRY
RICARDO,COMPTON
RICH,DUDLEY
RICHARD,SIERRA
RICHIE,POLLARD
RICK,ALFARO
RICKEY,HESTER
RICKIE,PROCTOR
RICKY,LU
RICO,HINTON
RIGOBERTO,NOVAK
RILEY,GOOD
ROB,MADDEN
ROBBIE,MCCANN
ROBBY,TERRELL
ROBERT,JARVIS
ROBERTO,DICKSON
ROBIN,REYNA
ROBT,CANTRELL
ROCCO,MAYO
ROCKY,BRANCH
ROD,HENDRIX
RODERICK,ROLLINS
RODGER,ROWLAND
RODNEY,WHITNEY
RODOLFO,DUKE
RODRICK,ODOM
RODRIGO,DAUGHERTY
ROGELIO,TRAVIS
ROGER,TANG
ROLAND,
ROLANDO,
ROLF,
ROLLAND,
ROMAN,
ROMEO,
RON,
RONALD,
RONNIE,
RONNY,
ROOSEVELT,
RORY,
ROSARIO,
ROSCOE,
ROSENDO,
ROSS,
ROY,
ROYAL,
ROYCE,
RUBEN,
RUBIN,
RUDOLF,
RUDOLPH,
RUDY,
RUEBEN,
RUFUS,
RUPERT,
RUSS,
RUSSEL,
RUSSELL,
RUSTY,
RYAN,
SAL,
SALVADOR,
SALVATORE,
SAM,
SAMMIE,
SAMMY,
SAMUAL,
SAMUEL,
SANDY,
SANFORD,
SANG,
SANTIAGO,
SANTO,
SANTOS,
SAUL,
SCOT,
SCOTT,
SCOTTIE,
SCOTTY,
SEAN,
SEBASTIAN,
SERGIO,
SETH,
SEYMOUR,
SHAD,
SHANE,
SHANNON,
SHAUN,
SHAWN,
SHAYNE,
SHELBY,
SHELDON,
SHELTON,
SHERMAN,
SHERWOOD,
SHIRLEY,
SHON,
SID,
SIDNEY,
SILAS,
SIMON,
SOL,
SOLOMON,
SON,
SONNY,
SPENCER,
STACEY,
STACY,
STAN,
STANFORD,
STANLEY,
STANTON,
STEFAN,
STEPHAN,
STEPHEN,
STERLING,
STEVE,
STEVEN,
STEVIE,
STEWART,
STUART,
SUNG,
SYDNEY,
SYLVESTER,
TAD,
TANNER,
TAYLOR,
TED,
TEDDY,
TEODORO,
TERENCE,
TERRANCE,
TERRELL,
TERRENCE,
TERRY,
THAD,
THADDEUS,
THANH,
THEO,
THEODORE,
THERON,
THOMAS,
THURMAN,
TIM,
TIMMY,
TIMOTHY,
TITUS,
TOBIAS,
TOBY,
TOD,
TODD,
TOM,
TOMAS,
TOMMIE,
TOMMY,
TONEY,
TONY,
TORY,
TRACEY,
TRACY,
TRAVIS,
TRENT,
TRENTON,
TREVOR,
TREY,
TRINIDAD,
TRISTAN,
TROY,
TRUMAN,
TUAN,
TY,
TYLER,
TYREE,
TYRELL,
TYRON,
TYRONE,
TYSON,
ULYSSES,
VAL,
VALENTIN,
VALENTINE,
VAN,
VANCE,
VAUGHN,
VERN,
VERNON,
VICENTE,
VICTOR,
VINCE,
VINCENT,
VINCENZO,
VIRGIL,
VIRGILIO,
VITO,
VON,
WADE,
WALDO,
WALKER,
WALLACE,
WALLY,
WALTER,
WALTON,
WARD,
WARNER,
WARREN,
WAYLON,
WAYNE,
WELDON,
WENDELL,
WERNER,
WES,
WESLEY,
WESTON,
WHITNEY,
WILBER,
WILBERT,
WILBUR,
WILBURN,
WILEY,
WILFORD,
WILFRED,
WILFREDO,
WILL,
WILLARD,
WILLIAM,
WILLIAMS,
WILLIAN,
WILLIE,
WILLIS,
WILLY,
WILMER,
WILSON,
WILTON,
WINFORD,
WINFRED,
WINSTON,
WM,
WOODROW,
WYATT,
XAVIER,
YONG,
YOUNG,
ZACHARIAH,
ZACHARY,
ZACHERY,
ZACK,
ZACKARY,
ZANE,